1.000000000000000048e-04,6.694783393249481347e-10,6.694783393249481347e-10,3.528224372824273650e-09,2.788306747166761706e-09,6.694783393249481347e-10,6.694783393249481347e-10
1.037605019766911805e-04,7.207760097696794959e-10,7.207760097696794959e-10,3.798567219267259081e-09,3.001955146756266181e-09,7.207760097696794959e-10,7.207760097696794959e-10
1.076624177045493348e-04,7.760042568413966259e-10,7.760042568413966259e-10,4.089624343568390249e-09,3.231973791474404035e-09,7.760042568413966259e-10,7.760042568413966259e-10
1.117110650504824176e-04,8.354642501090895491e-10,8.354642501090895491e-10,4.402982899292401707e-09,3.479616992482254099e-09,8.354642501090895491e-10,8.354642501090895491e-10
1.159119618598885670e-04,8.994802351185261851e-10,8.994802351185261851e-10,4.740351647204306734e-09,3.746235166184558568e-09,8.994802351185261851e-10,8.994802351185261851e-10
1.202708334768512016e-04,9.684013014653323467e-10,9.684013014653323467e-10,5.103570272485403685e-09,4.033282197592268556e-09,9.684013014653323467e-10,9.684013014653323467e-10
1.247936205471311460e-04,1.042603286332961802e-09,1.042603286332961802e-09,5.494619415775432788e-09,4.342323367823771636e-09,1.042603286332961802e-09,1.042603286332961802e-09
1.294864871145904987e-04,1.122490823874004705e-09,1.122490823874004705e-09,5.915631472725744068e-09,4.675043888962912978e-09,1.122490823874004705e-09,1.122490823874004705e-09
1.343558290220826280e-04,1.208499551608358584e-09,1.208499551608358584e-09,6.368902220937235922e-09,5.033258092802497034e-09,1.208499551608358584e-09,1.208499551608358584e-09
1.394082826282578647e-04,1.301098485867759775e-09,1.301098485867759775e-09,6.856903337666404956e-09,5.418919323566036014e-09,1.301098485867759775e-09,1.301098485867759775e-09
1.446507338521647108e-04,1.400792579237706117e-09,1.400792579237706117e-09,7.382295876537906564e-09,5.834130588537591760e-09,1.400792579237706117e-09,1.400792579237706117e-09
1.500903275579736594e-04,1.508125473939948655e-09,1.508125473939948655e-09,7.947944776728894779e-09,6.281156024660530686e-09,1.508125473939948655e-09,1.508125473939948655e-09
1.557344772926135099e-04,1.623682466166823496e-09,1.623682466166823496e-09,8.556934483717451666e-09,6.762433243613222257e-09,1.623682466166823496e-09,1.623682466166823496e-09
1.615908753895919263e-04,1.748093697528662934e-09,1.748093697528662934e-09,9.212585766745575655e-09,7.280586622657718300e-09,1.748093697528662934e-09,1.748093697528662934e-09
1.676675034527699306e-04,1.882037591013503525e-09,1.882037591013503525e-09,9.918473824669021002e-09,7.838441613711875815e-09,1.882037591013503525e-09,1.882037591013503525e-09
1.739726432343800604e-04,2.026244550191197037e-09,2.026244550191197037e-09,1.067844777888799350e-08,8.439040148644905166e-09,2.026244550191197037e-09,2.026244550191197037e-09
1.805148879221108100e-04,2.181500941828865743e-09,2.181500941828865743e-09,1.149665165961118122e-08,9.085657224770124624e-09,2.181500941828865743e-09,2.181500941828865743e-09
1.873031538506436428e-04,2.348653383629574139e-09,2.348653383629574139e-09,1.237754699984431758e-08,9.781818760941063835e-09,2.348653383629574139e-09,2.348653383629574139e-09
1.943466926536020084e-04,2.528613360469159156e-09,2.528613360469159156e-09,1.332593716025481812e-08,1.053132082158072842e-08,2.528613360469159156e-09,2.528613360469159156e-09
2.016551038724746336e-04,2.722362194296683121e-09,2.722362194296683121e-09,1.434699351749623540e-08,1.133825031342866586e-08,2.722362194296683121e-09,2.722362194296683121e-09
2.092383480396976933e-04,2.930956394791666030e-09,2.930956394791666030e-09,1.544628365873023299e-08,1.220700726781545990e-08,2.930956394791666030e-09,2.930956394791666030e-09
2.171067602537264868e-04,3.155533419946479858e-09,3.155533419946479858e-09,1.662980173601533998e-08,1.314232882991427887e-08,3.155533419946479858e-09,3.155533419946479858e-09
2.252710642645980429e-04,3.397317877976550451e-09,3.397317877976550451e-09,1.790400114600008435e-08,1.414931508572012403e-08,3.397317877976550451e-09,3.397317877976550451e-09
2.337423870891814812e-04,3.657628204366280472e-09,3.657628204366280472e-09,1.927582971302768470e-08,1.523345686752095165e-08,3.657628204366280472e-09,3.657628204366280472e-09
2.425322741760353111e-04,3.937883850448169392e-09,3.937883850448169392e-09,2.075276756739881291e-08,1.640066568940485536e-08,3.937883850448169392e-09,3.937883850448169392e-09
2.516527051405391619e-04,4.239613022700384685e-09,4.239613022700384685e-09,2.234286792522255952e-08,1.765730597595291544e-08,4.239613022700384685e-09,4.239613022700384685e-09
2.611161100917459258e-04,4.564461014949377215e-09,4.564461014949377215e-09,2.405480099209345906e-08,1.901022975976110423e-08,4.564461014949377215e-09,4.564461014949377215e-09
2.709353865732051759e-04,4.914199178895245196e-09,4.914199178895245196e-09,2.589790122985019509e-08,2.046681403688505637e-08,4.914199178895245196e-09,4.914199178895245196e-09
2.811239171408464344e-04,5.290734581856118974e-09,5.290734581856118974e-09,2.788221824399195432e-08,2.203500098378140233e-08,5.290734581856118974e-09,5.290734581856118974e-09
2.916955876018796070e-04,5.696120404372746891e-09,5.696120404372746891e-09,3.001857156905154834e-08,2.372334125490798070e-08,5.696120404372746891e-09,5.696120404372746891e-09
3.026648059395692196e-04,6.132567134346145786e-09,6.132567134346145786e-09,3.231860965045645669e-08,2.554104059692670961e-08,6.132567134346145786e-09,6.132567134346145786e-09
3.140465219496752208e-04,6.602454618721503016e-09,6.602454618721503016e-09,3.479487334426685755e-08,2.749801003351921694e-08,6.602454618721503016e-09,6.602454618721503016e-09
3.258562476153226335e-04,7.108345038404261060e-09,7.108345038404261060e-09,3.746086428078647554e-08,2.960491989427458536e-08,7.108345038404261060e-09,7.108345038404261060e-09
3.381100782480685337e-04,7.652996877124728565e-09,7.652996877124728565e-09,4.033111846453265793e-08,3.187325798204579313e-08,7.652996877124728565e-09,7.652996877124728565e-09
3.508247144239792456e-04,8.239379960383138028e-09,8.239379960383138028e-09,4.342128551156921823e-08,3.431539219571195775e-08,8.239379960383138028e-09,8.239379960383138028e-09
3.640174847446141400e-04,8.870691646437353584e-09,8.870691646437353584e-09,4.674821395590596435e-08,3.694463794954836320e-08,8.870691646437353584e-09,8.870691646437353584e-09
3.777063694539364706e-04,9.550374257571833158e-09,9.550374257571833158e-09,5.033004308971735110e-08,3.977533075652835344e-08,9.550374257571833158e-09,9.550374257571833158e-09
3.919100249433402332e-04,1.028213384664375884e-08,1.028213384664375884e-08,5.418630183771183236e-08,4.282290437100300000e-08,1.028213384664375884e-08,1.028213384664375884e-08
4.066478091781853925e-04,1.106996040117606536e-08,1.106996040117606536e-08,5.833801520428118995e-08,4.610397491647527461e-08,1.106996040117606536e-08,1.106996040117606536e-08
4.219398080805023877e-04,1.191814959509897071e-08,1.191814959509897071e-08,6.280781887329371209e-08,4.963643145677809789e-08,1.191814959509897071e-08,1.191814959509897071e-08
4.378068629038166541e-04,1.283132620667152826e-08,1.283132620667152826e-08,6.762008258477599480e-08,5.343953350404543194e-08,1.283132620667152826e-08,1.283132620667152826e-08
4.542705986374042954e-04,1.381446933019097520e-08,1.381446933019097520e-08,7.280104296051107421e-08,5.753401599463399601e-08,1.381446933019097520e-08,1.381446933019097520e-08
4.713534534786907267e-04,1.487293951886821060e-08,1.487293951886821060e-08,7.837894650201564170e-08,6.194220230480958842e-08,1.487293951886821060e-08,1.487293951886821060e-08
4.890787094139589959e-04,1.601250800676603749e-08,1.601250800676603749e-08,8.438420353972867099e-08,6.668812592177780612e-08,1.601250800676603749e-08,1.601250800676603749e-08
5.074705239490465754e-04,1.723938816902025738e-08,1.723938816902025738e-08,9.084955397184925010e-08,7.179766143275407588e-08,1.723938816902025738e-08,1.723938816902025738e-08
5.265539630332755463e-04,1.856026939175367628e-08,1.856026939175367628e-08,9.781024569542519582e-08,7.729866554548556382e-08,1.856026939175367628e-08,1.856026939175367628e-08
5.463550352214876149e-04,1.998235353621593761e-08,1.998235353621593761e-08,1.053042267013646815e-07,8.322112890823555339e-08,1.998235353621593761e-08,1.998235353621593761e-08
5.669007271207433460e-04,2.151339419580921059e-08,2.151339419580921059e-08,1.133723518793959391e-07,8.959733955601312965e-08,2.151339419580921059e-08,2.151339419580921059e-08
5.882190401699955449e-04,2.316173895986770674e-08,2.316173895986770674e-08,1.220586056590389521e-07,9.646205887309974340e-08,2.316173895986770674e-08,2.316173895986770674e-08
6.103390288028621123e-04,2.493637491443075257e-08,2.493637491443075257e-08,1.314103416988090136e-07,1.038527110300285562e-07,2.493637491443075257e-08,2.493637491443075257e-08
6.332908400455114538e-04,2.684697762787353646e-08,2.684697762787353646e-08,1.414785409286195228e-07,1.118095869264871130e-07,2.684697762787353646e-08,2.684697762787353646e-08
6.571057546036270392e-04,2.890396388823233870e-08,2.890396388823233870e-08,1.523180893501842849e-07,1.203760637505312336e-07,2.890396388823233870e-08,2.890396388823233870e-08
6.818162294944478787e-04,3.111854847948496684e-08,3.111854847948496684e-08,1.639880771076869387e-07,1.295988413494506424e-07,3.111854847948496684e-08,3.111854847948496684e-08
7.074559422819878514e-04,3.350280530603439319e-08,3.350280530603439319e-08,1.765521204566645689e-07,1.395281966990725968e-07,3.350280530603439319e-08,3.350280530603439319e-08
7.340598369757211656e-04,3.606973319831104182e-08,3.606973319831104182e-08,1.900787083835750755e-07,1.502182578567255268e-07,3.606973319831104182e-08,3.606973319831104182e-08
7.616641716552891624e-04,3.883332675788905491e-08,3.883332675788905491e-08,2.046415757625535411e-07,1.617272988890440066e-07,3.883332675788905491e-08,3.883332675788905491e-08
7.903065678861347695e-04,4.180865262793828902e-08,4.180865262793828902e-08,2.203201050801425390e-07,1.741180573798536121e-07,4.180865262793828902e-08,4.180865262793828902e-08
8.200260619934130737e-04,4.501193160435980864e-08,4.501193160435980864e-08,2.371997589140825951e-07,1.874580762461467632e-07,4.501193160435980864e-08,4.501193160435980864e-08
8.508631582640582055e-04,4.846062703473499791e-08,4.846062703473499791e-08,2.553725455194160189e-07,2.018200717223136549e-07,4.846062703473499791e-08,4.846062703473499791e-08
8.828598841495150472e-04,5.217353998643192861e-08,5.217353998643192861e-08,2.749375200550921900e-07,2.172823295150432560e-07,5.217353998643192861e-08,5.217353998643192861e-08
9.160598475443709407e-04,5.617091170204203811e-08,5.617091170204203811e-08,2.960013241779398000e-07,2.339291312844244806e-07,5.617091170204203811e-08,5.617091170204203811e-08
9.505082962189511427e-04,6.047453389996490028e-08,6.047453389996490028e-08,3.186787669393420313e-07,2.518512137715901858e-07,6.047453389996490028e-08,6.047453389996490028e-08
9.862521794868784469e-04,6.510786752063508466e-08,6.510786752063508466e-08,3.430934501443343133e-07,2.711462630706449691e-07,6.510786752063508466e-08,6.510786752063508466e-08
1.023340212191642265e-03,7.009617056482276067e-08,7.009617056482276067e-08,3.693784415743661583e-07,2.919194467335633398e-07,7.009617056482276067e-08,7.009617056482276067e-08
1.061822941099384646e-03,7.546663571988987024e-08,7.546663571988987024e-08,3.976769997349198957e-07,3.142839866022693694e-07,7.546663571988987024e-08,7.546663571988987024e-08
1.101752813788387268e-03,8.124853852311079959e-08,8.124853852311079959e-08,4.281433540689762335e-07,3.383617754833249410e-07,8.124853852311079959e-08,8.124853852311079959e-08
1.143184250129150245e-03,8.747339686846499742e-08,8.747339686846499742e-08,4.609435448784669107e-07,3.642840410187528574e-07,8.747339686846499742e-08,8.747339686846499742e-08
1.186173716452479160e-03,9.417514272498125028e-08,9.417514272498125028e-08,4.962563275199760449e-07,3.921920603627955684e-07,9.417514272498125028e-08,9.417514272498125028e-08
1.230779802506665709e-03,1.013903070011020679e-07,1.013903070011020679e-07,5.342741457898138932e-07,4.222379295502394906e-07,1.013903070011020679e-07,1.013903070011020679e-07
1.277063301308644641e-03,1.091582185609939448e-07,1.091582185609939448e-07,5.752041797890449999e-07,4.545853917388090359e-07,1.091582185609939448e-07,1.091582185609939448e-07
1.325087291997953777e-03,1.175212184756462236e-07,1.175212184756462236e-07,6.192694739631527535e-07,4.894107288276540842e-07,1.175212184756462236e-07,1.175212184756462236e-07
1.374917225806419159e-03,1.265248906743940547e-07,1.265248906743940547e-07,6.667101514459378436e-07,5.269037212978500682e-07,1.265248906743940547e-07,1.265248906743940547e-07
1.426621015260736997e-03,1.362183102516154470e-07,1.362183102516154470e-07,7.177847213053181993e-07,5.672686814909495638e-07,1.362183102516154470e-07,1.362183102516154470e-07
1.480269126739508631e-03,1.466543107792686939e-07,1.466543107792686939e-07,7.727714857924237181e-07,6.107255659399439077e-07,1.466543107792686939e-07,1.466543107792686939e-07
1.535934676510897082e-03,1.578897720791854704e-07,1.578897720791854704e-07,8.319700552375523411e-07,6.575111727957268175e-07,1.578897720791854704e-07,1.578897720791854704e-07
1.593693530381774500e-03,1.699859300201529074e-07,1.699859300201529074e-07,8.957029788199542137e-07,7.078804308534981194e-07,1.699859300201529074e-07,1.699859300201529074e-07
1.653624407094180437e-03,1.830087100244276374e-07,1.830087100244276374e-07,9.643175000663184238e-07,7.621077871800971568e-07,1.830087100244276374e-07,1.830087100244276374e-07
1.715808985610004726e-03,1.970290860970579895e-07,1.970290860970579895e-07,1.038187446608529282e-06,8.204887008776106311e-07,1.970290860970579895e-07,1.970290860970579895e-07
1.780332016430113918e-03,2.121234673299484493e-07,2.121234673299484493e-07,1.117715264458412330e-06,8.833412510936649090e-07,2.121234673299484493e-07,2.121234673299484493e-07
1.847281437099634145e-03,2.283741139817275081e-07,2.283741139817275081e-07,1.203334207839687137e-06,9.510078680076627224e-07,2.283741139817275081e-07,2.283741139817275081e-07
1.916748492056815018e-03,2.458695853949870217e-07,2.458695853949870217e-07,1.295510696459398876e-06,1.023857196188204795e-06,2.458695853949870217e-07,2.458695853949870217e-07
1.988827856988809647e-03,2.647052221852029845e-07,2.647052221852029845e-07,1.394746853007210988e-06,1.102286100433573925e-06,2.647052221852029845e-07,2.647052221852029845e-07
2.063617767863858664e-03,2.849836653215688671e-07,2.849836653215688671e-07,1.501583234645987250e-06,1.186721824978374909e-06,2.849836653215688671e-07,2.849836653215688671e-07
2.141220154815729349e-03,3.068154149200628883e-07,3.068154149200628883e-07,1.616601773306253321e-06,1.277624317779263182e-06,3.068154149200628883e-07,3.068154149200628883e-07
2.221740781062882600e-03,3.303194317844176345e-07,3.303194317844176345e-07,1.740428940726079866e-06,1.375488732485678101e-06,3.303194317844176345e-07,3.303194317844176345e-07
2.305289387051706086e-03,3.556237849624174356e-07,3.556237849624174356e-07,1.873739155392662028e-06,1.480848121662370489e-06,3.556237849624174356e-07,3.556237849624174356e-07
2.391979840020237204e-03,3.828663488343554320e-07,3.828663488343554320e-07,2.017258449848821124e-06,1.594276335864373564e-06,3.828663488343554320e-07,3.828663488343554320e-07
2.481930289186252882e-03,4.121955535189144729e-07,4.121955535189144729e-07,2.171768418234040394e-06,1.716391144277594561e-06,4.121955535189144729e-07,4.121955535189144729e-07
2.575263326771198586e-03,4.437711926705772888e-07,4.437711926705772888e-07,2.338110465442557625e-06,1.847857593835108558e-06,4.437711926705772888e-07,4.437711926705772888e-07
2.672106155079432416e-03,4.777652930535358648e-07,4.777652930535358648e-07,2.517190380909005324e-06,1.989391625007120126e-06,4.777652930535358648e-07,4.777652930535358648e-07
2.772590759860481084e-03,5.143630506115797124e-07,5.143630506115797124e-07,2.709983261783367881e-06,2.141763963848163536e-06,5.143630506115797124e-07,5.143630506115797124e-07
2.876854090190591410e-03,5.537638381134267141e-07,5.537638381134267141e-07,2.917538812141271745e-06,2.305804311375885358e-06,5.537638381134267141e-07,5.537638381134267141e-07
2.985038245118729321e-03,5.961822898403192853e-07,5.961822898403192853e-07,3.140987046902584222e-06,2.482405852959559362e-06,5.961822898403192853e-07,5.961822898403192853e-07
3.097290667331406653e-03,6.418494691995452125e-07,6.418494691995452125e-07,3.381544431311923764e-06,2.672530112121969567e-06,6.418494691995452125e-07,6.418494691995452125e-07
3.213764344100275647e-03,6.910141255960699225e-07,6.910141255960699225e-07,3.640520489180435188e-06,2.877212175014473644e-06,6.910141255960699225e-07,6.910141255960699225e-07
3.334618015786362799e-03,7.439440473770969434e-07,7.439440473770969434e-07,3.919324915611542291e-06,3.097566313821936931e-06,7.439440473770969434e-07,7.439440473770969434e-07
3.460016392185108827e-03,8.009275181836832327e-07,8.009275181836832327e-07,4.219475232647702322e-06,3.334792039502285300e-06,8.009275181836832327e-07,8.009275181836832327e-07
3.590130377007068330e-03,8.622748846022990161e-07,8.622748846022990161e-07,4.542605029194759832e-06,3.590180616576081020e-06,8.622748846022990161e-07,8.622748846022990161e-07
3.725137300800209720e-03,9.283202436104248004e-07,9.283202436104248004e-07,4.890472829720826337e-06,3.865122075166998673e-06,9.283202436104248004e-07,9.283202436104248004e-07
3.865221162631261604e-03,9.994232589571311349e-07,9.994232589571311349e-07,5.264971639604203555e-06,4.161112758167506451e-06,9.994232589571311349e-07,9.994232589571311349e-07
4.010572880855495757e-03,1.075971116315537340e-06,1.075971116315537340e-06,5.668139218637504690e-06,4.479763444279584221e-06,1.075971116315537340e-06,1.075971116315537340e-06
4.161390553316706743e-03,1.158380627792781253e-06,1.158380627792781253e-06,6.102169138101928832e-06,4.822808090772910925e-06,1.158380627792781253e-06,1.158380627792781253e-06
4.317879727332021161e-03,1.247100497188688335e-06,1.247100497188688335e-06,6.569422681027177638e-06,5.192113243129331437e-06,1.247100497188688335e-06,1.247100497188688335e-06
4.480253679829489591e-03,1.342613758260918550e-06,1.342613758260918550e-06,7.072441649770734793e-06,5.589688162319378084e-06,1.342613758260918550e-06,1.342613758260918550e-06
4.648733708020256518e-03,1.445440399186660726e-06,1.445440399186660726e-06,7.613962149908736850e-06,6.017695724303765655e-06,1.445440399186660726e-06,1.445440399186660726e-06
4.823549431001467047e-03,1.556140187413842299e-06,1.556140187413842299e-06,8.196929424655203107e-06,6.478464150489497452e-06,1.556140187413842299e-06,1.556140187413842299e-06
5.004939102700953560e-03,1.675315710173653081e-06,1.675315710173653081e-06,8.824513819643637686e-06,6.974499632318698085e-06,1.675315710173653081e-06,1.675315710173653081e-06
5.193149936590211839e-03,1.803615647086670408e-06,1.803615647086670408e-06,9.500127963944852340e-06,7.508499917951508318e-06,1.803615647086670408e-06,1.803615647086670408e-06
5.388438442608223244e-03,1.941738292543147139e-06,1.941738292543147139e-06,1.022744525968828168e-05,8.083368934147338566e-06,1.941738292543147139e-06,1.941738292543147139e-06
5.591070776755292966e-03,2.090435346880648325e-06,2.090435346880648325e-06,1.101041977963484816e-05,8.702232521978267154e-06,2.090435346880648325e-06,2.090435346880648325e-06
5.801323103833378250e-03,2.250515996826352948e-06,2.250515996826352948e-06,1.185330767955396049e-05,9.368455370953156707e-06,2.250515996826352948e-06,2.250515996826352948e-06
6.019481973827274165e-03,2.422851307224507138e-06,2.422851307224507138e-06,1.276069024032397637e-05,1.008565924252184007e-05,2.422851307224507138e-06,2.422851307224507138e-06
6.245844712439618113e-03,2.608378947739911502e-06,2.608378947739911502e-06,1.373749866334622905e-05,1.085774258079876998e-05,2.608378947739911502e-06,2.608378947739911502e-06
6.480719826311970473e-03,2.808108280024781455e-06,2.808108280024781455e-06,1.478904075218211781e-05,1.168890161573008951e-05,2.808108280024781455e-06,2.808108280024781455e-06
6.724427423484249239e-03,3.023125832768197911e-06,3.023125832768197911e-06,1.592102962333867607e-05,1.258365307186559824e-05,3.023125832768197911e-06,3.023125832768197911e-06
6.977299649665537687e-03,3.254601194124763748e-06,3.254601194124763748e-06,1.713961459989141271e-05,1.354685860442764324e-05,3.254601194124763748e-06,3.254601194124763748e-06
7.239681140910877132e-03,3.503793353252987298e-06,3.503793353252987298e-06,1.845141445319990896e-05,1.458375109353743687e-05,3.503793353252987298e-06,3.503793353252987298e-06
7.511929493320968799e-03,3.772057525095831016e-06,3.772057525095831016e-06,1.986355317039920242e-05,1.569996293731127884e-05,3.772057525095831016e-06,3.772057525095831016e-06
7.794415750404950702e-03,4.060852495118440294e-06,4.060852495118440294e-06,2.138369843870337232e-05,1.690155649512620149e-05,4.060852495118440294e-06,4.060852495118440294e-06
8.087524908770456905e-03,4.371748523494652786e-06,4.371748523494652786e-06,2.302010305190249772e-05,1.819505684372945198e-05,4.371748523494652786e-06,4.371748523494652786e-06
8.391656442830162238e-03,4.706435851218941162e-06,4.706435851218941162e-06,2.478164945984490773e-05,1.958748702108752170e-05,4.706435851218941162e-06,4.706435851218941162e-06
8.707224849239922695e-03,5.066733853829479886e-06,5.066733853829479886e-06,2.667789769824891239e-05,2.108640594599946934e-05,5.066733853829479886e-06,5.066733853829479886e-06
9.034660211810525629e-03,5.454600891877492460e-06,5.454600891877492460e-06,2.871913695396702081e-05,2.269994921560256361e-05,5.454600891877492460e-06,5.454600891877492460e-06
9.374408787662991127e-03,5.872144910985979102e-06,5.872144910985979102e-06,3.091644103991832479e-05,2.443687299804670398e-05,5.872144910985979102e-06,5.872144910985979102e-06
9.726933615426168467e-03,6.321634848326011922e-06,6.321634848326011922e-06,3.328172807440624056e-05,2.630660125388250588e-05,6.321634848326011922e-06,6.321634848326011922e-06
1.009271514630570750e-02,6.805512906622299348e-06,6.805512906622299348e-06,3.582782468155474253e-05,2.831927653718093553e-05,6.805512906622299348e-06,6.805512906622299348e-06
1.047225189888434382e-02,7.326407761402429960e-06,7.326407761402429960e-06,3.856853505322766309e-05,3.048581464616131358e-05,7.326407761402429960e-06,7.326407761402429960e-06
1.086606113854596788e-02,7.887148772150815639e-06,7.887148772150815639e-06,4.151871523816820958e-05,3.281796341324811885e-05,7.887148772150815639e-06,7.887148772150815639e-06
1.127467958244946118e-02,8.490781273343364524e-06,8.490781273343364524e-06,4.469435305132594955e-05,3.532836594610088706e-05,8.490781273343364524e-06,8.490781273343364524e-06
1.169866413101306943e-02,9.140583027049489320e-06,9.140583027049489320e-06,4.811265402556476740e-05,3.803062865437339724e-05,9.140583027049489320e-06,9.140583027049489320e-06
1.213859262690627702e-02,9.840081924923432881e-06,9.840081924923432881e-06,5.179213385930536907e-05,4.093939442187146787e-05,9.840081924923432881e-06,9.840081924923432881e-06
1.259506464258357619e-02,1.059307503399764284e-05,1.059307503399764284e-05,5.575271784730464716e-05,4.407042131051501586e-05,1.059307503399764284e-05,1.059307503399764284e-05
1.306870229743346302e-02,1.140364908777057832e-05,1.140364908777057832e-05,6.001584781787088103e-05,4.744066721119753256e-05,1.140364908777057832e-05,1.140364908777057832e-05
1.356015110565633383e-02,1.227620253168544559e-05,1.227620253168544559e-05,6.460459713853232650e-05,5.106838088741512014e-05,1.227620253168544559e-05,1.227620253168544559e-05
1.407008085602685053e-02,1.321546924026266338e-05,1.321546924026266338e-05,6.954379439370012115e-05,5.497319989055406391e-05,1.321546924026266338e-05,1.321546924026266338e-05
1.459918652473978645e-02,1.422654403191859222e-05,1.422654403191859222e-05,7.486015638239258859e-05,5.917625586113773461e-05,1.422654403191859222e-05,1.422654403191859222e-05
1.514818922258345801e-02,1.531491011691926322e-05,1.531491011691926322e-05,8.058243113182206481e-05,6.370028776830964591e-05,1.531491011691926322e-05,1.531491011691926322e-05
1.571783717773162642e-02,1.648646862402755413e-05,1.648646862402755413e-05,8.674155167381471872e-05,6.856976368054687400e-05,1.648646862402755413e-05,1.648646862402755413e-05
1.630890675549332564e-02,1.774757036225502974e-05,1.774757036225502974e-05,9.337080138587140884e-05,7.381101170424906276e-05,1.774757036225502974e-05,1.774757036225502974e-05
1.692220351641037304e-02,1.910504998577882942e-05,1.910504998577882942e-05,1.005059917574356164e-04,7.945236077363316055e-05,1.910504998577882942e-05,1.910504998577882942e-05
1.755856331414468868e-02,2.056626274258652678e-05,2.056626274258652678e-05,1.081856535048833815e-04,8.552429202550297128e-05,2.056626274258652678e-05,2.056626274258652678e-05
1.821885343465165161e-02,2.213912400082840008e-05,2.213912400082840008e-05,1.164512420261696815e-04,9.205960154617878896e-05,2.213912400082840008e-05,2.213912400082840008e-05
1.890397377819219571e-02,2.383215176125246844e-05,2.383215176125246844e-05,1.253473582582643813e-04,9.909357533541724187e-05,2.383215176125246844e-05,2.383215176125246844e-05
1.961485808579429418e-02,2.565451237954061273e-05,2.565451237954061273e-05,1.349219860777952414e-04,1.066641773937734248e-04,2.565451237954061273e-05,2.565451237954061273e-05
2.035247521183575561e-02,2.761606973893159043e-05,2.761606973893159043e-05,1.452267474680507065e-04,1.148122519058486225e-04,2.761606973893159043e-05,2.761606973893159043e-05
2.111783044448242025e-02,2.972743813128247672e-05,2.972743813128247672e-05,1.563171767640045848e-04,1.235817405624948671e-04,2.972743813128247672e-05,2.972743813128247672e-05
2.191196687578147312e-02,3.200003912377279641e-05,3.200003912377279641e-05,1.682530153817234184e-04,1.330199161406438245e-04,3.200003912377279641e-05,3.200003912377279641e-05
2.273596682327715113e-02,3.444616270888231234e-05,3.444616270888231234e-05,1.810985285397848619e-04,1.431776335403053151e-04,3.444616270888231234e-05,3.444616270888231234e-05
2.359095330508633945e-02,3.707903305716972188e-05,3.707903305716972188e-05,1.949228455886042790e-04,1.541095995647911911e-04,3.707903305716972188e-05,3.707903305716972188e-05
2.447809157044440048e-02,3.991287921584792657e-05,3.991287921584792657e-05,2.098003256792847055e-04,1.658746628227251096e-04,3.991287921584792657e-05,3.991287921584792657e-05
2.539859068780724038e-02,4.296301112129843696e-05,4.296301112129843696e-05,2.258109506272429476e-04,1.785361252292891505e-04,4.296301112129843696e-05,4.296301112129843696e-05
2.635370519267393047e-02,4.624590132060931591e-05,4.624590132060931591e-05,2.430407469579149316e-04,1.921620766898341783e-04,4.624590132060931591e-05,4.624590132060931591e-05
2.734473679737579876e-02,4.977927282607869688e-05,4.977927282607869688e-05,2.615822392628387662e-04,2.068257546618776658e-04,4.977927282607869688e-05,4.977927282607869688e-05
2.837303616516211394e-02,5.358219355752875213e-05,5.358219355752875213e-05,2.815349371448821547e-04,2.226059304120696684e-04,5.358219355752875213e-05,5.358219355752875213e-05
2.944000475100033709e-02,5.767517786036153592e-05,5.767517786036153592e-05,3.030058581919179914e-04,2.395873239134151686e-04,5.767517786036153592e-05,5.767517786036153592e-05
3.054709671159968123e-02,6.208029562270239916e-05,6.208029562270239916e-05,3.261100895894340768e-04,2.578610494653704017e-04,6.208029562270239916e-05,6.208029562270239916e-05
3.169582088726115299e-02,6.682128955287459991e-05,6.682128955287459991e-05,3.509713911650345517e-04,2.775250942659271327e-04,6.682128955287459991e-05,6.682128955287459991e-05
3.288774285825510346e-02,7.192370121899218272e-05,7.192370121899218272e-05,3.777228428521844082e-04,2.986848323209794062e-04,7.192370121899218272e-05,7.192370121899218272e-05
3.412448707852889368e-02,7.741500649582056773e-05,7.741500649582056773e-05,4.065075397675539659e-04,3.214535762427161688e-04,7.741500649582056773e-05,7.741500649582056773e-05
3.540773908965269556e-02,8.332476111041802120e-05,8.332476111041802120e-05,4.374793383166269956e-04,3.459531696660738602e-04,8.332476111041802120e-05,8.332476111041802120e-05
3.673924781802074407e-02,8.968475702762776307e-05,8.968475702762776307e-05,4.708036569765673847e-04,3.723146232010294643e-04,8.968475702762776307e-05,8.968475702762776307e-05
3.812082795843887983e-02,9.652919046944404675e-05,9.652919046944404675e-05,5.066583356544446682e-04,4.006787970393517972e-04,9.652919046944404675e-05,9.652919046944404675e-05
3.955436244734701623e-02,1.038948424188385766e-04,1.038948424188385766e-04,5.452345577835458236e-04,4.311971335479937613e-04,1.038948424188385766e-04,1.038948424188385766e-04
4.104180502904709177e-02,1.118212725190289620e-04,1.118212725190289620e-04,5.867378396014334523e-04,4.640324434082768569e-04,1.118212725190289620e-04,1.118212725190289620e-04
4.258518291843414738e-02,1.203510273436390990e-04,1.203510273436390990e-04,6.313890913514443081e-04,4.993597491010758754e-04,1.203510273436390990e-04,1.203510273436390990e-04
4.418659956385941057e-02,1.295298640819808253e-04,1.295298640819808253e-04,6.794257554652257444e-04,5.373671897940362477e-04,1.295298640819808253e-04,1.295298640819808253e-04
4.584823751389095758e-02,1.394069907570442632e-04,1.394069907570442632e-04,7.311030271185091356e-04,5.782569919581735619e-04,1.394069907570442632e-04,1.394069907570442632e-04
4.757236139187884932e-02,1.500353241719794848e-04,1.500353241719794848e-04,7.866951629063805669e-04,6.222465103286956619e-04,1.500353241719794848e-04,1.500353241719794848e-04
4.936132098237911575e-02,1.614717668641796875e-04,1.614717668641796875e-04,8.464968837586345999e-04,6.695693441292921867e-04,1.614717668641796875e-04,1.614717668641796875e-04
5.121755443364236354e-02,1.737775044348034302e-04,1.737775044348034302e-04,9.108248786110857611e-04,7.204765338011009284e-04,1.737775044348034302e-04,1.737775044348034302e-04
5.314359158053236221e-02,1.870183247160376455e-04,1.870183247160376455e-04,9.800194157657976003e-04,7.752378438178453681e-04,1.870183247160376455e-04,1.870183247160376455e-04
5.514205739240296555e-02,2.012649603388761191e-04,2.012649603388761191e-04,1.054446069312579013e-03,8.341431375278165810e-04,2.012649603388761191e-04,2.012649603388761191e-04
5.721567555063245686e-02,2.165934563710216257e-04,2.165934563710216257e-04,1.134497568446561676e-03,8.975038503421279993e-04,2.165934563710216257e-04,2.165934563710216257e-04
5.936727216069120211e-02,2.330855648080302155e-04,2.330855648080302155e-04,1.220595778002646998e-03,9.656545679875694474e-04,2.330855648080302155e-04,2.330855648080302155e-04
6.159977960380162015e-02,2.508291678213405308e-04,2.508291678213405308e-04,1.313193819037537487e-03,1.038954716961923343e-03,2.508291678213405308e-04,2.508291678213405308e-04
6.391624053343998579e-02,2.699187317947128397e-04,2.699187317947128397e-04,1.412778338824315777e-03,1.117790374770246970e-03,2.699187317947128397e-04,2.699187317947128397e-04
6.631981202212668125e-02,2.904557943161855901e-04,2.904557943161855901e-04,1.519871940183147811e-03,1.202576207982682414e-03,2.904557943161855901e-04,2.904557943161855901e-04
6.881376986415663199e-02,3.125494864362943128e-04,3.125494864362943128e-04,1.635035780654762799e-03,1.293757546638080918e-03,3.125494864362943128e-04,3.125494864362943128e-04
7.140151304013395150e-02,3.363170926553212805e-04,3.363170926553212805e-04,1.758872352630573913e-03,1.391812604023175528e-03,3.363170926553212805e-04,3.363170926553212805e-04
7.408656834939560121e-02,3.618846512631102063e-04,3.618846512631102063e-04,1.892028456184180083e-03,1.497254851384120268e-03,3.618846512631102063e-04,3.618846512631102063e-04
7.687259521663727946e-02,3.893875978248058714e-04,3.893875978248058714e-04,2.035198377002737837e-03,1.610635557675621629e-03,3.893875978248058714e-04,3.893875978248058714e-04
7.976339067929272275e-02,4.189714547850911753e-04,4.189714547850911753e-04,2.189127282492132898e-03,1.732546505022093761e-03,4.189714547850911753e-04,4.189714547850911753e-04
8.276289456246344045e-02,4.507925703523892763e-04,4.507925703523892763e-04,2.354614849825472245e-03,1.863622891154404935e-03,4.507925703523892763e-04,4.507925703523892763e-04
8.587519484845169970e-02,4.850189100233456168e-04,4.850189100233456168e-04,2.532519140418049586e-03,2.004546430693695831e-03,4.850189100233456168e-04,4.850189100233456168e-04
8.910453324821512866e-02,5.218309043169583761e-04,5.218309043169583761e-04,2.723760736041106086e-03,2.156048667778895801e-03,5.218309043169583761e-04,5.218309043169583761e-04
9.245531098233569778e-02,5.614223565071600622e-04,5.614223565071600622e-04,2.929327152527993940e-03,2.318914513174850315e-03,5.614223565071600622e-04,5.614223565071600622e-04
9.593209477938241525e-02,6.040014143726546306e-04,6.040014143726546306e-04,3.150277547775969054e-03,2.493986019650997529e-03,6.040014143726546306e-04,6.040014143726546306e-04
9.953962309984233647e-02,6.497916102234216383e-04,6.497916102234216383e-04,3.387747741499747434e-03,2.682166410082934341e-03,6.497916102234216383e-04,6.497916102234216383e-04
1.032828125941028519e-01,6.990329737145784070e-04,6.990329737145784070e-04,3.642955564943561354e-03,2.884424373397430179e-03,6.990329737145784070e-04,6.990329737145784070e-04
1.071667648032863240e-01,7.519832222200973715e-04,7.519832222200973715e-04,3.917206559499601497e-03,3.101798644150531754e-03,7.519832222200973715e-04,7.519832222200973715e-04
1.111967731120698938e-01,8.089190338110953740e-04,8.089190338110953740e-04,4.211900043904580684e-03,3.335402882193130077e-03,8.089190338110953740e-04,8.089190338110953740e-04
1.153783299629660836e-01,8.701374081656607692e-04,8.701374081656607692e-04,4.528535570382801086e-03,3.586430869531876016e-03,8.701374081656607692e-04,8.701374081656607692e-04
1.197171343418965694e-01,9.359571210290534892e-04,9.359571210290534892e-04,4.868719790762654660e-03,3.856162042128119354e-03,9.359571210290534892e-04,9.359571210290534892e-04
1.242190995452616131e-01,1.006720278143947121e-03,1.006720278143947121e-03,5.234173754200822405e-03,4.145967374984424123e-03,1.006720278143947121e-03,1.006720278143947121e-03
1.288903612390891462e-01,1.082793974879297811e-03,1.082793974879297811e-03,5.626740658689313029e-03,4.457315639436490624e-03,1.082793974879297811e-03,1.082793974879297811e-03
1.337372858212494964e-01,1.164572068102491314e-03,1.164572068102491314e-03,6.048394078978309475e-03,4.791780052086227516e-03,1.164572068102491314e-03,1.164572068102491314e-03
1.387664790981306961e-01,1.252477067161078235e-03,1.252477067161078235e-03,6.501246693901531308e-03,5.151045335264307565e-03,1.252477067161078235e-03,1.252477067161078235e-03
1.439847952876006643e-01,1.346962151166225096e-03,1.346962151166225096e-03,6.987559536318836521e-03,5.536915209282307522e-03,1.346962151166225096e-03,1.346962151166225096e-03
1.493993463605256256e-01,1.448513320097814805e-03,1.448513320097814805e-03,7.509751788966335245e-03,5.951320337006250558e-03,1.448513320097814805e-03,1.448513320097814805e-03
1.550175117335768904e-01,1.557651687578630274e-03,1.557651687578630274e-03,8.070411149398236395e-03,6.396326741433984442e-03,1.557651687578630274e-03,1.557651687578630274e-03
1.608469483265355104e-01,1.674935923489261199e-03,1.674935923489261199e-03,8.672304786883187552e-03,6.874144716963730140e-03,1.674935923489261199e-03,1.674935923489261199e-03
1.668956009978023181e-01,1.800964854912978468e-03,1.800964854912978468e-03,9.318390913543314960e-03,7.387138254872992194e-03,1.800964854912978468e-03,1.800964854912978468e-03
1.731717133723352786e-01,1.936380234206758720e-03,1.936380234206758720e-03,1.001183099115361165e-02,7.937835003154085356e-03,1.936380234206758720e-03,1.936380234206758720e-03
1.796838390767719340e-01,2.081869683286248843e-03,2.081869683286248843e-03,1.075600259380471262e-02,8.528936780239906520e-03,2.081869683286248843e-03,2.081869683286248843e-03
1.864408533970485227e-01,2.238169823483300569e-03,2.238169823483300569e-03,1.155451294501926886e-02,9.163330661260720572e-03,2.238169823483300569e-03,2.238169823483300569e-03
1.934519653744044276e-01,2.406069600578450082e-03,2.406069600578450082e-03,1.241121314584106919e-02,9.844100654255541830e-03,2.406069600578450082e-03,2.406069600578450082e-03
2.007267303562568217e-01,2.586413814820090386e-03,2.586413814820090386e-03,1.333021310781863471e-02,1.057453998216909344e-02,2.586413814820090386e-03,2.586413814820090386e-03
2.082750630190514374e-01,2.780106865908777043e-03,2.780106865908777043e-03,1.431589720160715909e-02,1.135816398444198724e-02,2.780106865908777043e-03,2.780106865908777043e-03
2.161072508808376536e-01,2.988116723039362620e-03,2.988116723039362620e-03,1.537294062803001328e-02,1.219872364948428219e-02,2.988116723039362620e-03,2.988116723039362620e-03
2.242339683219845003e-01,3.211479130144837338e-03,3.211479130144837338e-03,1.650632651378257029e-02,1.310021978624198100e-02,3.211479130144837338e-03,3.211479130144837338e-03
2.326662911331457972e-01,3.451302056461001948e-03,3.451302056461001948e-03,1.772136372842446350e-02,1.406691783934464063e-02,3.451302056461001948e-03,3.451302056461001948e-03
2.414157116103017864e-01,3.708770402416678227e-03,3.708770402416678227e-03,1.902370541278040894e-02,1.510336334787542104e-02,3.708770402416678227e-03,3.708770402416678227e-03
2.504941542174502489e-01,3.985150970633739853e-03,3.985150970633739853e-03,2.041936820123249618e-02,1.621439804253827985e-02,3.985150970633739853e-03,3.985150970633739853e-03
2.599139918382932790e-01,4.281797711476941978e-03,4.281797711476941978e-03,2.191475211150426330e-02,1.740517656980799729e-02,4.281797711476941978e-03,4.281797711476941978e-03
2.696880626390692481e-01,4.600157252104935569e-03,4.600157252104935569e-03,2.351666106526588765e-02,1.868118382442474426e-02,4.600157252104935569e-03,4.600157252104935569e-03
2.798296875655115756e-01,4.941774717318105428e-03,4.941774717318105428e-03,2.523232399107272830e-02,2.004825286321325686e-02,4.941774717318105428e-03,4.941774717318105428e-03
2.903526884977813971e-01,5.308299849650452255e-03,5.308299849650452255e-03,2.706941644761953064e-02,2.151258336353533904e-02,5.308299849650452255e-03,5.308299849650452255e-03
3.012714070881164496e-01,5.701493435082993257e-03,5.701493435082993257e-03,2.903608268987047103e-02,2.308076057857938110e-02,5.701493435082993257e-03,5.701493435082993257e-03
3.126007243068700259e-01,6.123234039433351518e-03,6.123234039433351518e-03,3.114095808312021194e-02,2.475977472899945631e-02,6.123234039433351518e-03,6.123234039433351518e-03
3.243560807235807975e-01,6.575525058865105965e-03,6.575525058865105965e-03,3.339319175025528413e-02,2.655704075597606351e-02,6.575525058865105965e-03,6.575525058865105965e-03
3.365534975507090687e-01,7.060502086021424976e-03,7.060502086021424976e-03,3.580246931520617015e-02,2.848041834440618106e-02,7.060502086021424976e-03,7.060502086021424976e-03
3.492095984787267904e-01,7.580440590978601914e-03,7.580440590978601914e-03,3.837903558060117709e-02,3.053823210646596301e-02,7.580440590978601914e-03,7.580440590978601914e-03
3.623416323323145893e-01,8.137763913487132406e-03,8.137763913487132406e-03,4.113371694972611792e-02,3.273929179503042713e-02,8.137763913487132406e-03,8.137763913487132406e-03
3.759674965785463896e-01,8.735051559770664470e-03,8.735051559770664470e-03,4.407794337185011457e-02,3.509291239319563965e-02,8.735051559770664470e-03,8.735051559770664470e-03
3.901057617190989424e-01,9.375047793428407245e-03,9.375047793428407245e-03,4.722376955557965744e-02,3.760893390023112293e-02,9.375047793428407245e-03,9.375047793428407245e-03
4.047756965997317824e-01,1.006067050567379349e-02,1.006067050567379349e-02,5.058389515695247557e-02,4.029774060550455478e-02,1.006067050567379349e-02,1.006067050567379349e-02
4.199972946715301858e-01,1.079502034517351890e-02,1.079502034517351890e-02,5.417168360729504584e-02,4.317027961007933318e-02,1.079502034517351890e-02,1.079502034517351890e-02
4.357913012397025554e-01,1.158139008205594060e-02,1.158139008205594060e-02,5.800117920029219248e-02,4.623807832061802015e-02,1.158139008205594060e-02,1.158139008205594060e-02
4.521792417370697481e-01,1.242327417415835591e-02,1.242327417415835591e-02,6.208712200813788773e-02,4.951326060177650007e-02,1.242327417415835591e-02,1.242327417415835591e-02
4.691834510607794106e-01,1.332437849619808740e-02,1.332437849619808740e-02,6.644496014299337838e-02,5.300856123132243608e-02,1.332437849619808740e-02,1.332437849619808740e-02
4.868271040122278959e-01,1.428863018419599534e-02,1.428863018419599534e-02,7.109085882228181885e-02,5.673733825667282016e-02,1.428863018419599534e-02,1.428863018419599534e-02
5.051342468816760745e-01,1.532018753806371064e-02,1.532018753806371064e-02,7.604170563469385413e-02,6.071358280239001759e-02,1.532018753806371064e-02,1.532018753806371064e-02
5.241298302206056636e-01,1.642344991469430610e-02,1.642344991469430610e-02,8.131511133837537875e-02,6.495192582543955762e-02,1.642344991469430610e-02,1.642344991469430610e-02
5.438397428464796235e-01,1.760306753207563010e-02,1.760306753207563010e-02,8.692940545395989871e-02,6.946764125882157193e-02,1.760306753207563010e-02,1.760306753207563010e-02
5.642908471262536585e-01,1.886395109178162777e-02,1.886395109178162777e-02,9.290362584340185192e-02,7.427664492477230318e-02,1.886395109178162777e-02,1.886395109178162777e-02
5.855110155867238042e-01,2.021128111259546528e-02,2.021128111259546528e-02,9.925750139166807096e-02,7.939548853645179982e-02,2.021128111259546528e-02,2.021128111259546528e-02
6.075291689016071306e-01,2.165051685189106276e-02,2.165051685189106276e-02,1.060114268331883158e-01,8.484134804241186267e-02,2.165051685189106276e-02,2.165051685189106276e-02
6.303753153071275372e-01,2.318740467366421643e-02,2.318740467366421643e-02,1.131864286897592553e-01,9.063200550187604232e-02,2.318740467366421643e-02,2.318740467366421643e-02
6.540805914998252257e-01,2.482798570269061783e-02,2.482798570269061783e-02,1.208041212128520697e-01,9.678582361188853289e-02,2.482798570269061783e-02,2.482798570269061783e-02
6.786773050723294842e-01,2.657860258314140300e-02,2.657860258314140300e-02,1.288866511528681258e-01,1.033217119408810919e-01,2.657860258314140300e-02,2.657860258314140300e-02
7.041989785449288552e-01,2.844590513707381460e-02,2.844590513707381460e-02,1.374566301130729640e-01,1.102590838586347544e-01,2.844590513707381460e-02,2.844590513707381460e-02
7.306803950529500158e-01,3.043685469353175216e-02,3.043685469353175216e-02,1.465370531894296391e-01,1.176178030917794937e-01,3.043685469353175216e-02,3.043685469353175216e-02
7.581576457522110069e-01,3.255872683256842010e-02,3.255872683256842010e-02,1.561512025525040592e-01,1.254181187790412710e-01,3.255872683256842010e-02,3.255872683256842010e-02
7.866681790071582414e-01,3.481911226042042756e-02,3.481911226042042756e-02,1.663225345977190905e-01,1.336805878539832904e-01,3.481911226042042756e-02,3.481911226042042756e-02
8.162508514287220018e-01,3.722591550245060027e-02,3.722591550245060027e-02,1.770745492796660658e-01,1.424259835479899372e-01,3.722591550245060027e-02,3.722591550245060027e-02
8.469459808314576676e-01,3.978735106954016387e-02,3.978735106954016387e-02,1.884306402596846175e-01,1.516751887861697567e-01,3.978735106954016387e-02,3.978735106954016387e-02
8.787954011821310640e-01,4.251193672162851406e-02,4.251193672162851406e-02,2.004139245386875046e-01,1.614490732476073775e-01,4.251193672162851406e-02,4.251193672162851406e-02
9.118425196146562328e-01,4.540848341945861316e-02,4.540848341945861316e-02,2.130470503249696224e-01,1.717683528833892637e-01,4.540848341945861316e-02,4.540848341945861316e-02
9.461323755890759246e-01,4.848608152277185390e-02,4.848608152277185390e-02,2.263519820055148180e-01,1.826534307358368969e-01,4.848608152277185390e-02,4.848608152277185390e-02
9.817117022752183120e-01,5.175408276084093873e-02,5.175408276084093873e-02,2.403497612554884311e-01,1.941242179856531025e-01,5.175408276084093873e-02,5.175408276084093873e-02
1.018628990244686561e+00,5.522207747010036277e-02,5.522207747010036277e-02,2.550602435405694979e-01,2.061999342756979936e-01,5.522207747010036277e-02,5.522207747010036277e-02
1.056934553557987266e+00,5.889986656467495474e-02,5.889986656467495474e-02,2.705018095468580963e-01,2.188988865265651396e-01,5.889986656467495474e-02,5.889986656467495474e-02
1.096680598336867485e+00,6.279742767994098140e-02,6.279742767994098140e-02,2.866910514191706727e-01,2.322382256757150321e-01,6.279742767994098140e-02,6.279742767994098140e-02
1.137921293915313825e+00,6.692487490821108498e-02,6.692487490821108498e-02,3.036424341057337717e-01,2.462336810441290158e-01,6.692487490821108498e-02,6.692487490821108498e-02
1.180712846666189142e+00,7.129241153075681348e-02,7.129241153075681348e-02,3.213679325995668634e-01,2.608992723672811098e-01,7.129241153075681348e-02,7.129241153075681348e-02
1.225113576604117682e+00,7.591027514343795524e-02,7.591027514343795524e-02,3.398766464364741391e-01,2.762469999248529651e-01,7.591027514343795524e-02,7.591027514343795524e-02
1.271183996869027499e+00,8.078867457619688663e-02,8.078867457619688663e-02,3.591743934566800078e-01,2.922865136690256382e-01,8.078867457619688663e-02,8.078867457619688663e-02
1.318986896198669267e+00,8.593771802181575381e-02,8.593771802181575381e-02,3.792632855590609142e-01,3.090247627856495538e-01,8.593771802181575381e-02,8.593771802181575381e-02
1.368587424502517802e+00,9.136733181905715151e-02,9.136733181905715151e-02,4.001412899676881629e-01,3.264656277253154548e-01,9.136733181905715151e-02,9.136733181905715151e-02
1.420053181653681662e+00,9.708716938221795267e-02,9.708716938221795267e-02,4.218017803800941379e-01,3.446095374087931873e-01,9.708716938221795267e-02,9.708716938221795267e-02
1.473454309619834257e+00,1.031065098359590648e-01,1.031065098359590648e-01,4.442330832610368319e-01,3.634530750368246688e-01,1.031065098359590648e-01,1.031065098359590648e-01
1.528863588058729572e+00,1.094341460038283920e-01,1.094341460038283920e-01,4.674180254654786704e-01,3.829885767075105751e-01,1.094341460038283920e-01,1.094341460038283920e-01
1.586356533508589628e+00,1.160782615139417245e-01,1.160782615139417245e-01,4.913334902959363149e-01,4.032037278511258482e-01,1.160782615139417245e-01,1.160782615139417245e-01
1.646011502308549757e+00,1.230462969284510377e-01,1.230462969284510377e-01,5.159499899931990763e-01,4.240811633133892422e-01,1.230462969284510377e-01,1.230462969284510377e-01
1.707909797389426831e+00,1.303448049770435935e-01,1.303448049770435935e-01,5.412312634918534648e-01,4.455980777307516072e-01,1.303448049770435935e-01,1.303448049770435935e-01
1.772135779080358464e+00,1.379792951806544377e-01,1.379792951806544377e-01,5.671339090052259779e-01,4.677258536175550874e-01,1.379792951806544377e-01,1.379792951806544377e-01
1.838776980082326817e+00,1.459540683910344749e-01,1.459540683910344749e-01,5.936070615973368936e-01,4.904297152933453363e-01,1.459540683910344749e-01,1.459540683910344749e-01
1.907924224765265020e+00,1.542720420451195451e-01,1.542720420451195451e-01,6.205921263097042839e-01,5.136684173842815948e-01,1.542720420451195451e-01,1.542720420451195451e-01
1.979671752951332575e+00,1.629345672394571787e-01,1.629345672394571787e-01,6.480225775960221091e-01,5.373939770983715558e-01,1.629345672394571787e-01,1.629345672394571787e-01
2.054117348353064365e+00,1.719412390670699009e-01,1.719412390670699009e-01,6.758238357378918426e-01,5.615514597621775739e-01,1.719412390670699009e-01,1.719412390670699009e-01
2.131362471841437678e+00,1.812897020232005219e-01,1.812897020232005219e-01,7.039132305347982621e-01,5.860788271796864013e-01,1.812897020232005219e-01,1.812897020232005219e-01
2.211512399725488631e+00,1.909754526716982148e-01,1.909754526716982148e-01,7.322000618537124472e-01,6.109068581981527135e-01,1.909754526716982148e-01,1.909754526716982148e-01
2.294676367231936354e+00,2.009916421625880523e-01,2.009916421625880523e-01,7.605857655704425513e-01,6.359591504121040462e-01,2.009916421625880523e-01,2.009916421625880523e-01
2.380967717380358284e+00,2.113288815937009457e-01,2.113288815937009457e-01,7.889641920309539147e-01,6.611522111840664184e-01,2.113288815937009457e-01,2.113288815937009457e-01
2.470504055456825387e+00,2.219750536029989618e-01,2.219750536029989618e-01,8.172220024156592322e-01,6.863956450975466916e-01,2.219750536029989618e-01,2.219750536029989618e-01
2.563407409296515116e+00,2.329151339491928041e-01,2.329151339491928041e-01,8.452391863282615603e-01,7.115924435847665874e-01,2.329151339491928041e-01,2.329151339491928041e-01
2.659804395593758475e+00,2.441310271703421853e-01,2.441310271703421853e-01,8.728897015948439142e-01,7.366393808025311074e-01,2.441310271703421853e-01,2.441310271703421853e-01
2.759826392466180334e+00,2.556014206858087667e-01,2.556014206858087667e-01,9.000422347063358197e-01,7.614275178926713794e-01,2.556014206858087667e-01,2.556014206858087667e-01
2.863609718508115964e+00,2.673016619077849820e-01,2.673016619077849820e-01,9.265610776409446414e-01,7.858428156017469579e-01,2.673016619077849820e-01,2.673016619077849820e-01
2.971295818577333936e+00,2.792036630360954508e-01,2.792036630360954508e-01,9.523071140477131769e-01,8.097668529050685571e-01,2.792036630360954508e-01,2.792036630360954508e-01
3.083031456568277040e+00,2.912758382062977658e-01,2.912758382062977658e-01,9.771389050521837039e-01,8.330776468520293410e-01,2.912758382062977658e-01,2.912758382062977658e-01
3.198968915434537763e+00,3.034830775303433703e-01,3.034830775303433703e-01,1.000913862359146700e+00,8.556505664024992575e-01,3.034830775303433703e-01,3.034830775303433703e-01
3.319266204733183123e+00,3.157867622982158951e-01,3.157867622982158951e-01,1.023489493974536479e+00,8.773593306435962802e-01,3.157867622982158951e-01,3.157867622982158951e-01
3.444087275973816364e+00,3.281448251891263546e-01,3.281448251891263546e-01,1.044724705842329904e+00,8.980770795509388504e-01,3.281448251891263546e-01,3.281448251891263546e-01
3.573602246065780808e+00,3.405118587682678943e-01,3.405118587682678943e-01,1.064481141075965809e+00,9.176775034750915827e-01,3.405118587682678943e-01,3.405118587682678943e-01
3.707987629168164823e+00,3.528392748222258235e-01,3.528392748222258235e-01,1.082624537325260983e+00,9.360360158724152502e-01,3.528392748222258235e-01,3.528392748222258235e-01
3.847426577258497904e+00,3.650755162219803673e-01,3.650755162219803673e-01,1.099026082207050337e+00,9.530309525287208317e-01,3.650755162219803673e-01,3.650755162219803673e-01
3.992109129748045326e+00,3.771663220134128247e-01,3.771663220134128247e-01,1.113563746666328846e+00,9.685447796977207924e-01,3.771663220134128247e-01,3.771663220134128247e-01
4.142232472483889261e+00,3.890550453447071400e-01,3.890550453447071400e-01,1.126123576624540101e+00,9.824652932291020324e-01,3.890550453447071400e-01,3.890550453447071400e-01
4.298001206490789983e+00,4.006830226781510906e-01,4.006830226781510906e-01,1.136600924287298309e+00,9.946867909066806623e-01,4.006830226781510906e-01,4.006830226781510906e-01
4.459627626819086643e+00,4.119899915363525178e-01,4.119899915363525178e-01,1.144901601974379401e+00,1.005111200846433350e+00,4.119899915363525178e-01,4.119899915363525178e-01
4.627332011878683815e+00,4.229145528400035103e-01,4.229145528400035103e-01,1.150942943226342940e+00,1.013649149885179179e+00,4.229145528400035103e-01,4.229145528400035103e-01
4.801342923653445283e+00,4.333946727487525963e-01,4.333946727487525963e-01,1.154654758141235860e+00,1.020220957369484038e+00,4.333946727487525963e-01,4.333946727487525963e-01
4.981897519205154445e+00,4.433682178618170155e-01,4.433682178618170155e-01,1.155980172293092023e+00,1.024757541557790086e+00,4.433682178618170155e-01,4.433682178618170155e-01
5.169241873891593286e+00,4.527735167122529658e-01,4.527735167122529658e-01,1.154876341064165146e+00,1.027201227887796442e+00,4.527735167122529658e-01,4.527735167122529658e-01
5.363631316739234656e+00,4.615499397359237865e-01,4.615499397359237865e-01,1.151315033665170517e+00,1.027506450535556670e+00,4.615499397359237865e-01,4.615499397359237865e-01
5.565330778427640013e+00,4.696384893446004516e-01,4.696384893446004516e-01,1.145283083407089952e+00,1.025640340896690317e+00,4.696384893446004516e-01,4.696384893446004516e-01
5.774615152359814374e+00,4.769823914056470215e-01,4.769823914056470215e-01,1.136782702820786195e+00,1.021583198747963550e+00,4.769823914056470215e-01,4.769823914056470215e-01
5.991769669310612834e+00,4.835276793420448249e-01,4.835276793420448249e-01,1.125831663911775582e+00,1.015328843800275216e+00,4.835276793420448249e-01,4.835276793420448249e-01
6.217090286163820423e+00,4.892237622190466206e-01,4.892237622190466206e-01,1.112463345126616820e+00,1.006884847045804943e+00,4.892237622190466206e-01,4.892237622190466206e-01
6.450884089267685972e+00,4.940239685692334737e-01,4.940239685692334737e-01,1.096726647463714732e+00,9.962726426653800704e-01,4.940239685692334737e-01,4.940239685692334737e-01
6.693469712958654227e+00,4.978860583067595269e-01,4.978860583067595269e-01,1.078685782587101682e+00,9.835275222535931894e-01,4.978860583067595269e-01,4.978860583067595269e-01
6.945177773823688838e+00,5.007726958643951010e-01,5.007726958643951010e-01,1.058419935833641246e+00,9.686985137230811338e-01,5.007726958643951010e-01,5.007726958643951010e-01
7.206351321293045231e+00,5.026518786148759244e-01,5.026518786148759244e-01,1.036022806712508793e+00,9.518481474800135622e-01,5.026518786148759244e-01,5.026518786148759244e-01
7.477346305177580810e+00,5.034973156653052007e-01,5.034973156653052007e-01,1.011602028981571033e+00,9.330521123652603110e-01,5.034973156653052007e-01,5.034973156653052007e-01
7.758532060787827866e+00,5.032887531895835487e-01,5.032887531895835487e-01,9.852784717741239762e-01,9.123988035039092281e-01,5.032887531895835487e-01,5.032887531895835487e-01
8.050291812295972349e+00,5.020122435368513658e-01,5.020122435368513658e-01,9.571854226836736812e-01,8.899887636991988815e-01,5.020122435368513658e-01,5.020122435368513658e-01
8.353023195026770154e+00,4.996603563727610720e-01,4.996603563727610720e-01,9.274676533430875613e-01,8.659340194641680366e-01,4.996603563727610720e-01,4.996603563727610720e-01
8.667138797389224436e+00,4.962323310283353606e-01,4.962323310283353606e-01,8.962803680018085473e-01,8.403573123355925212e-01,4.962323310283353606e-01,4.962323310283353606e-01
8.993066723187613576e+00,4.917341700088741496e-01,4.917341700088741496e-01,8.637880360382259592e-01,8.133912258920396043e-01,4.917341700088741496e-01,4.917341700088741496e-01
9.331251175078239868e+00,4.861786742235477132e-01,4.861786742235477132e-01,8.301631103425880509e-01,7.851772090246624813e-01,4.861786742235477132e-01,4.861786742235477132e-01
9.682153059967076203e+00,4.795854209180867023e-01,4.795854209180867023e-01,7.955846351286421925e-01,7.558644965897272083e-01,4.795854209180867023e-01,4.795854209180867023e-01
1.004625061717340273e+01,4.719806855255235245e-01,4.719806855255235245e-01,7.602367489920016652e-01,7.256089296806117472e-01,4.719806855255235245e-01,4.719806855255235245e-01
1.042404007021555756e+01,4.633973087053997464e-01,4.633973087053997464e-01,7.243070918902362321e-01,6.945716794308167685e-01,4.633973087053997464e-01,4.633973087053997464e-01
1.081603630310709363e+01,4.538745097471970635e-01,4.538745097471970635e-01,6.879851280806534852e-01,6.629178804910010880e-01,4.538745097471970635e-01,4.538745097471970635e-01
1.122277356208507193e+01,4.434576473097553428e-01,4.434576473097553428e-01,6.514604007728365120e-01,6.308151830574253438e-01,4.434576473097553428e-01,4.434576473097553428e-01
1.164480618372685505e+01,4.321979282073263318e-01,4.321979282073263318e-01,6.149207381468122513e-01,5.984322354648048403e-01,4.321979282073263318e-01,4.321979282073263318e-01
1.208270935044775918e+01,4.201520646952576210e-01,4.201520646952576210e-01,5.785504342337357553e-01,5.659371127488952435e-01,4.201520646952576210e-01,4.201520646952576210e-01
1.253707987440919602e+01,4.073818805187075509e-01,4.073818805187075509e-01,5.425284317141948476e-01,5.334957100533133101e-01,4.073818805187075509e-01,4.073818805187075509e-01
1.300853701090570524e+01,3.939538659301372037e-01,3.939538659301372037e-01,5.070265367154853653e-01,5.012701230964845545e-01,3.939538659301372037e-01,3.939538659301372037e-01
1.349772330233941808e+01,3.799386820134820764e-01,3.799386820134820764e-01,4.722076979513802897e-01,4.694170409116604215e-01,3.799386820134820764e-01,3.799386820134820764e-01
1.400530545393219661e+01,3.654106150215566950e-01,3.654106150215566950e-01,4.382243838416126080e-01,4.380861785111894169e-01,3.654106150215566950e-01,3.654106150215566950e-01
1.453197524236895433e+01,3.504469820691192838e-01,3.504469820691192838e-01,4.052170914111128397e-01,4.074187788077230921e-01,3.504469820691192838e-01,3.504469820691192838e-01
1.507845045861050970e+01,3.351274904381046360e-01,3.351274904381046360e-01,3.733130196920970700e-01,3.775462138818037050e-01,3.351274904381046360e-01,3.351274904381046360e-01
1.564547588616095730e+01,3.195335539324009599e-01,3.195335539324009599e-01,3.426249379886061597e-01,3.485887153911775838e-01,3.195335539324009599e-01,3.195335539324009599e-01
1.623382431612278154e+01,3.037475711325297589e-01,3.037475711325297589e-01,3.132502757329714282e-01,3.206542624971026600e-01,3.037475711325297589e-01,3.037475711325297589e-01
1.684429760042315039e+01,2.878521719884276631e-01,2.878521719884276631e-01,2.852704558544556512e-01,2.938376531190294849e-01,2.878521719884276631e-01,2.878521719884276631e-01
1.747772774464680978e+01,2.719294408740833280e-01,2.719294408740833280e-01,2.587504877440588991e-01,2.682197806635739923e-01,2.719294408740833280e-01,2.719294408740833280e-01
1.813497804196495267e+01,2.560601259181662370e-01,2.560601259181662370e-01,2.337388292460678696e-01,2.438671337082850277e-01,2.560601259181662370e-01,2.560601259181662370e-01
1.881694424970555701e+01,2.403228460169979930e-01,2.403228460169979930e-01,2.102675198941833523e-01,2.208315306122737576e-01,2.403228460169979930e-01,2.403228460169979930e-01
1.952455581016861075e+01,2.247933083237300678e-01,2.247933083237300678e-01,1.883525801310058090e-01,1.991500948794456827e-01,2.247933083237300678e-01,2.247933083237300678e-01
2.025877711735017073e+01,2.095435500872433188e-01,2.095435500872433188e-01,1.679946638178015372e-01,1.788454705591927818e-01,2.095435500872433188e-01,2.095435500872433188e-01
2.102060883130158331e+01,1.946412193933681478e-01,1.946412193933681478e-01,1.491799442746898630e-01,1.599262703035676247e-01,1.946412193933681478e-01,1.946412193933681478e-01
2.181108924191515541e+01,1.801489095635457061e-01,1.801489095635457061e-01,1.318812076951663970e-01,1.423877421911804442e-01,1.801489095635457061e-01,1.801489095635457061e-01
2.263129568399525127e+01,1.661235616382223113e-01,1.661235616382223113e-01,1.160591223299395625e-01,1.262126353562638414e-01,1.661235616382223113e-01,1.661235616382223113e-01
2.348234600554271623e+01,1.526159484865359239e-01,1.526159484865359239e-01,1.016636475661463063e-01,1.113722390894707343e-01,1.526159484865359239e-01,1.526159484865359239e-01
2.436540009125461026e+01,1.396702526412922363e-01,1.396702526412922363e-01,8.863554411460140836e-02,9.782756563659249227e-02,1.396702526412922363e-01,1.396702526412922363e-01
2.528166144331495246e+01,1.273237479895932556e-01,1.273237479895932556e-01,7.690794506818188214e-02,8.553064360014674128e-02,1.273237479895932556e-01,1.273237479895932556e-01
2.623237882163118329e+01,1.156065930139250630e-01,1.156065930139250630e-01,6.640794764311488962e-02,7.442588677924857898e-02,1.156065930139250630e-01,1.156065930139250630e-01
2.721884794575174027e+01,1.045417404614481655e-01,1.045417404614481655e-01,5.705818692053992586e-02,6.445150253549433716e-02,1.045417404614481655e-01,1.045417404614481655e-01
2.824241326078429992e+01,9.414496522807479229e-02,9.414496522807479229e-02,4.877835575361191139e-02,5.554090435000075265e-02,9.414496522807479229e-02,9.414496522807479229e-02
2.930446976972138273e+01,8.442500900296415201e-02,8.442500900296415201e-02,4.148663901505263846e-02,4.762409507552080312e-02,8.442500900296415201e-02,8.442500900296415201e-02
3.040646493467062328e+01,7.538383696325469396e-02,7.538383696325469396e-02,3.510103529666390443e-02,4.062899036100124650e-02,7.538383696325469396e-02,7.538383696325469396e-02
3.154990064958082030e+01,6.701699867684637879e-02,6.701699867684637879e-02,2.954054476224691680e-02,3.448265565251278780e-02,6.701699867684637879e-02,6.701699867684637879e-02
3.273633528715240715e+01,5.931408249798990340e-02,5.931408249798990340e-02,2.472620780410260399e-02,2.911243482962356730e-02,5.931408249798990340e-02,5.931408249798990340e-02
3.396738582272202933e+01,5.225925025074836666e-02,5.225925025074836666e-02,2.058198516458022501e-02,2.444695366718976567e-02,5.225925025074836666e-02,5.225925025074836666e-02
3.524473003801580262e+01,4.583183699592725119e-02,4.583183699592725119e-02,1.703547597886641285e-02,2.041698665468072785e-02,4.583183699592725119e-02,4.583183699592725119e-02
3.657010880777485795e+01,4.000699925114997724e-02,4.000699925114997724e-02,1.401847552822064157e-02,1.695618099942218515e-02,4.000699925114997724e-02,4.000699925114997724e-02
3.794532847236934714e+01,3.475639423637530423e-02,3.475639423637530423e-02,1.146737916651162023e-02,1.400163664898866449e-02,3.475639423637530423e-02,3.475639423637530423e-02
3.937226329963475280e+01,3.004887257171827072e-02,3.004887257171827072e-02,9.323442756034651044e-03,1.149434568938000230e-02,3.004887257171827072e-02,3.004887257171827072e-02
4.085285803928557158e+01,2.585116735136554211e-02,2.585116735136554211e-02,7.532912940461539489e-03,9.379498353545482822e-03,2.585116735136554211e-02,2.585116735136554211e-02
4.238913057338774593e+01,2.212856361468300628e-02,2.212856361468300628e-02,6.047042671809132498e-03,7.606666005441519406e-03,2.212856361468300628e-02,2.212856361468300628e-02
4.398317466650219387e+01,1.884553386159169147e-02,1.884553386159169147e-02,4.822008626187693735e-03,6.129873798092815018e-03,1.884553386159169147e-02,1.884553386159169147e-02
4.563716281924754270e+01,1.596632731713014744e-02,1.596632731713014744e-02,3.818747565175555601e-03,4.907577240953689933e-03,1.596632731713014744e-02,1.596632731713014744e-02
4.735334922917111555e+01,1.345550302425287982e-02,1.345550302425287982e-02,3.002728433192910877e-03,3.902557697335328878e-03,1.345550302425287982e-02,1.345550302425287982e-02
4.913407286296357057e+01,1.127839940758186728e-02,1.127839940758186728e-02,2.343676152674057257e-03,3.081751946619159990e-03,1.127839940758186728e-02,1.127839940758186728e-02
5.098176064420419351e+01,9.401535574384145208e-03,9.401535574384145208e-03,1.815261821847786528e-03,2.416030492032821605e-03,9.401535574384145208e-03,9.401535574384145208e-03
5.289893076098145741e+01,7.792942178249240640e-03,7.792942178249240640e-03,1.394772465194657387e-03,1.879938389167356812e-03,7.792942178249240640e-03,7.792942178249240640e-03
5.488819609789666032e+01,6.422422054585509403e-03,6.422422054585509403e-03,1.062771754057312583e-03,1.451411131898266938e-03,6.422422054585509403e-03,6.422422054585509403e-03
5.695226779712819365e+01,5.261742953291916568e-03,5.261742953291916568e-03,8.027613085664621296e-04,1.111476673904194081e-03,5.261742953291916568e-03,5.261742953291916568e-03
5.909395895340964699e+01,4.284766474751925021e-03,4.284766474751925021e-03,6.008503979546061125e-04,8.439530868508304980e-04,4.284766474751925021e-03,4.284766474751925021e-03
6.131618844795768553e+01,3.467518718698630285e-03,3.467518718698630285e-03,4.454401418832097887e-04,6.351497466713389075e-04,3.467518718698630285e-03,3.467518718698630285e-03
6.362198492657482518e+01,2.788209165690917844e-03,2.788209165690917844e-03,3.269267305984178171e-04,4.735783668948059300e-04,2.788209165690917844e-03,2.788209165690917844e-03
6.601449092734883095e+01,2.227204936121098596e-03,2.227204936121098596e-03,2.374267609687282432e-04,3.496787161272107763e-04,2.227204936121098596e-03,2.227204936121098596e-03
6.849696716357439641e+01,1.766967840268219517e-03,1.766967840268219517e-03,1.705265496578636038e-04,2.555625041743718245e-04,1.766967840268219517e-03,1.766967840268219517e-03
7.107279696773412070e+01,1.391961588596728801e-03,1.391961588596728801e-03,1.210562432274018028e-04,1.847777234109039166e-04,1.391961588596728801e-03,1.391961588596728801e-03
7.374549090259546347e+01,1.088536227737987513e-03,1.088536227737987513e-03,8.488869744448999640e-05,1.320947030706450507e-04,1.088536227737987513e-03,1.088536227737987513e-03
7.651869154570817955e+01,8.447963622716695656e-04,8.447963622716695656e-04,5.876243589565044369e-05,9.331427879280558134e-05,8.447963622716695656e-04,8.447963622716695656e-04
7.939617845382275618e+01,6.504590731681719751e-04,6.504590731681719751e-04,4.012750596768356669e-05,6.509779452292194517e-05,6.504590731681719751e-04,6.504590731681719751e-04
8.238187331399601021e+01,4.967067042450570976e-04,4.967067042450570976e-04,2.701270822496022950e-05,4.481812853690460041e-05,4.967067042450570976e-04,4.967067042450570976e-04
8.547984528840405005e+01,3.760389054904020941e-04,3.760389054904020941e-04,1.791246002767682758e-05,3.043055444243875649e-05,3.760389054904020941e-04,3.760389054904020941e-04
8.869431656014704402e+01,2.821275361236771548e-04,2.821275361236771548e-04,1.169144169471546442e-05,2.036199231767486589e-05,2.821275361236771548e-04,2.821275361236771548e-04
9.202966808760409378e+01,2.096772722086184576e-04,2.096772722086184576e-04,7.505140303940626406e-06,1.341705349154542717e-05,2.096772722086184576e-04,2.096772722086184576e-04
9.549044557518077170e+01,1.542940571536392943e-04,1.542940571536392943e-04,4.734431551963347232e-06,8.699213461122573386e-06,1.542940571536392943e-04,1.542940571536392943e-04
9.908136566858665617e+01,1.123628951754082253e-04,1.123628951754082253e-04,2.932406812671711329e-06,5.545441111785552793e-06,1.123628951754082253e-04,1.123628951754082253e-04
1.028073223830864720e+02,8.093592828990843946e-05,8.093592828990843946e-05,1.781747581966562150e-06,3.472651498849841965e-06,8.093592828990843946e-05,8.093592828990843946e-05
1.066733937734857136e+02,5.763126192784872492e-05,5.763126192784872492e-05,1.061063702085744016e-06,2.134420180903268936e-06,5.763126192784872492e-05,5.763126192784872492e-05
1.106848488549411940e+02,4.054261369546291601e-05,4.054261369546291601e-05,6.187390840144228597e-07,1.286489313347517260e-06,4.054261369546291601e-05,4.054261369546291601e-05
1.148471547840289020e+02,2.815955122269469578e-05,2.815955122269469578e-05,3.529651301325400424e-07,7.597024935044218287e-07,2.815955122269469578e-05,2.815955122269469578e-05
1.191659843098558724e+02,1.929785250283320026e-05,1.929785250283320026e-05,1.967847305822519284e-07,4.391221983748453350e-07,1.929785250283320026e-05,1.929785250283320026e-05
1.236472235053714996e+02,1.303935733702067075e-05,1.303935733702067075e-05,1.071157108956725682e-07,2.482075192743645831e-07,1.303935733702067075e-05,1.303935733702067075e-05
1.282969797894147632e+02,8.680571621333774840e-06,8.680571621333774840e-06,5.686870528365068081e-08,1.370582519567114248e-07,8.680571621333774840e-06,8.680571621333774840e-06
1.331215902504307564e+02,5.689226743703979896e-06,5.689226743703979896e-06,2.941690820235327772e-08,7.386160204608355750e-08,5.689226743703979896e-06,5.689226743703979896e-06
1.381276302832009435e+02,3.667973963411530499e-06,3.667973963411530499e-06,1.481009090976372145e-08,3.880675285426873782e-08,3.667973963411530499e-06,3.667973963411530499e-06
1.433219225503571010e+02,2.324398933045501315e-06,2.324398933045501315e-06,7.248975533578707653e-09,1.985689836287920570e-08,2.324398933045501315e-06,2.324398933045501315e-06
1.487115462808950781e+02,1.446566583746983383e-06,1.446566583746983383e-06,3.445576378470821405e-09,9.884612208783962580e-09,1.446566583746983383e-06,1.446566583746983383e-06
1.543038469183561290e+02,8.833452826827412890e-07,8.833452826827412890e-07,1.588574821554124090e-09,4.781541839701888181e-09,8.833452826827412890e-07,8.833452826827412890e-07
1.601064461318314329e+02,5.288070814104933232e-07,5.288070814104933232e-07,7.095669535979979752e-10,2.245116949685571338e-09,5.288070814104933232e-07,5.288070814104933232e-07
1.661272522034289523e+02,3.100550657571637609e-07,3.100550657571637609e-07,3.066779469585752652e-10,1.022023676729945976e-09,3.100550657571637609e-07,3.100550657571637609e-07
1.723744708063616429e+02,1.778873817537919466e-07,1.778873817537919466e-07,1.280919620300636489e-10,4.505126491630389025e-10,1.778873817537919466e-07,1.778873817537919466e-07
1.788566161883458108e+02,9.976908514492225725e-08,9.976908514492225725e-08,5.163452420325836257e-11,1.920586619744873687e-10,9.976908514492225725e-08,9.976908514492225725e-08
1.855825227755514959e+02,5.464631545535913832e-08,5.464631545535913832e-08,2.006075530586476825e-11,7.908265686796669935e-11,5.464631545535913832e-08,5.464631545535913832e-08
1.925613572129194608e+02,2.920107176017587342e-08,2.920107176017587342e-08,7.501237869966915800e-12,3.141016938225856449e-11,2.920107176017587342e-08,2.920107176017587342e-08
1.998026308572546554e+02,1.520749640047535542e-08,1.520749640047535542e-08,2.695663815257346014e-12,1.201718619930750305e-11,1.520749640047535542e-08,1.520749640047535542e-08
2.073162127401226940e+02,7.710352097986796867e-09,7.710352097986796867e-09,9.295910745424516830e-13,4.422420942551745267e-12,7.710352097986796867e-09,7.710352097986796867e-09
2.151123430182162792e+02,3.801654723009109705e-09,3.801654723009109705e-09,3.071386504996663857e-13,1.563154134591649348e-12,3.801654723009109705e-09,3.801654723009109705e-09
2.232016469295230081e+02,1.820810090415844611e-09,1.820810090415844611e-09,9.707148423137226713e-14,5.298645794475554164e-13,1.820810090415844611e-09,1.820810090415844611e-09
2.315951492743149629e+02,8.461512681473472355e-10,8.461512681473472355e-10,2.929788378384594739e-14,1.719738426670000210e-13,8.461512681473472355e-10,8.461512681473472355e-10
2.403042894406964649e+02,3.810710895055657697e-10,3.810710895055657697e-10,8.429739345727876147e-15,5.335589464050714298e-14,3.810710895055657697e-10,3.810710895055657697e-10
2.493409369951875476e+02,1.661140318641628392e-10,1.661140318641628392e-10,2.308040118404526756e-15,1.579744654751900739e-14,1.661140318641628392e-10,1.661140318641628392e-10
2.587174078595918445e+02,7.000032843858666973e-11,7.000032843858666973e-11,6.002232126884915413e-16,4.455645060115735988e-15,7.000032843858666973e-11,7.000032843858666973e-11
2.684464810961959529e+02,2.847873968324845937e-11,2.847873968324845937e-11,1.479725275253425065e-16,1.194977739012018332e-15,2.847873968324845937e-11,2.847873968324845937e-11
2.785414163241763390e+02,1.117077163347497812e-11,1.117077163347497812e-11,3.451242226806357901e-17,3.041664740738869253e-16,1.117077163347497812e-11,1.117077163347497812e-11
2.890159717909505730e+02,4.218735518742642508e-12,4.218735518742642508e-12,7.599592457245862653e-18,7.333498118724667301e-17,4.218735518742642508e-12,4.218735518742642508e-12
2.998844231231024651e+02,1.531765374946122190e-12,1.531765374946122190e-12,1.576471677213301850e-18,1.671373001576469329e-17,1.531765374946122190e-12,1.531765374946122190e-12
3.111615827824356870e+02,5.339063925828713114e-13,5.339063925828713114e-13,3.073889636612647985e-19,3.593178265879853703e-18,5.339063925828713114e-13,5.339063925828713114e-13
3.228628202536726803e+02,1.783733215698882417e-13,1.783733215698882417e-13,5.620632588685416203e-20,7.270657067591172138e-19,1.783733215698882417e-13,1.783733215698882417e-13
3.350040829913129414e+02,5.702841874001763429e-14,5.702841874001763429e-14,9.614518535236296909e-21,1.381556300613503803e-19,5.702841874001763429e-14,5.702841874001763429e-14
3.476019181541973921e+02,1.741922367183035215e-14,1.741922367183035215e-14,1.534710425211257063e-21,2.459443669991190657e-20,1.741922367183035215e-14,1.741922367183035215e-14
3.606734951574024421e+02,5.074522583985022961e-15,5.074522583985022961e-15,2.280090615615085420e-22,4.091789511865424910e-21,5.074522583985022961e-15,5.074522583985022961e-15
3.742366290721976725e+02,1.407394243252429340e-15,1.407394243252429340e-15,3.144359944576634876e-23,6.345889449170730409e-22,1.407394243252429340e-15,1.407394243252429340e-15
3.883098049059601067e+02,3.709257701457338351e-16,3.709257701457338351e-16,4.013751953456639576e-24,9.150138641901673443e-23,3.709257701457338351e-16,3.709257701457338351e-16
4.029122027951343625e+02,9.272042333358514377e-17,9.272042333358514377e-17,4.728733448647357093e-25,1.223288299012021103e-23,9.272042333358514377e-17,9.272042333358514377e-17
4.180637241455753497e+02,2.193897387108542988e-17,2.193897387108542988e-17,5.126318798146082751e-26,1.512032813879095152e-24,2.193897387108542988e-17,2.193897387108542988e-17
4.337850187558984771e+02,4.903573395092212093e-18,4.903573395092212093e-18,5.097697459698465264e-27,1.722835057755200678e-25,4.903573395092212093e-18,4.903573395092212093e-18
4.500975129608041811e+02,1.033079697751108135e-18,1.033079697751108135e-18,4.634898983836029538e-28,1.804043227768847840e-26,1.033079697751108135e-18,1.033079697751108135e-18
4.670234388327330635e+02,2.046982484698144442e-19,2.046982484698144442e-19,3.840089440445852839e-29,1.730579717708355405e-27,2.046982484698144442e-19,2.046982484698144442e-19
4.845858644816490823e+02,3.805850132801854373e-20,3.805850132801854373e-20,2.889078379986114261e-30,1.515816103218456131e-28,3.805850132801854373e-20,3.805850132801854373e-20
5.028087254942474829e+02,6.623795987619914965e-21,6.623795987619914965e-21,1.966614390819317542e-31,1.208166104261094157e-29,6.623795987619914965e-21,6.623795987619914965e-21
5.217168575554343306e+02,1.076468434087254602e-21,1.076468434087254602e-21,1.206665129842775802e-32,8.731545961371256049e-31,1.076468434087254602e-21,1.076468434087254602e-21
5.413360302965376150e+02,1.629354419753308651e-22,1.629354419753308651e-22,6.647621375681844472e-34,5.700870907416389285e-32,1.629354419753308651e-22,1.629354419753308651e-22
5.616929824163803460e+02,2.290806909758236795e-23,2.290806909758236795e-23,3.274901835438191521e-35,3.349792533274427578e-33,2.290806909758236795e-23,2.290806909758236795e-23
5.828154581230839995e+02,2.983425130134612367e-24,2.983425130134612367e-24,1.436670472314006466e-36,1.764411771251850552e-34,2.983425130134612367e-24,2.983425130134612367e-24
6.047322449462642453e+02,3.588767404385432412e-25,3.588767404385432412e-25,5.587900067803792753e-38,8.296621504791086907e-36,3.588767404385432412e-25,3.588767404385432412e-25
6.274732129711574089e+02,3.975408355979167918e-26,3.975408355979167918e-26,1.918258644895153634e-39,3.467917061335426774e-37,3.975408355979167918e-26,3.975408355979167918e-26
6.510693555481454950e+02,4.042764304519173122e-27,4.042764304519173122e-27,5.784866426371963244e-41,1.282860190539238277e-38,4.042764304519173122e-27,4.042764304519173122e-27
6.755528315331639533e+02,3.762172448875066701e-28,3.762172448875066701e-28,1.525074366789518520e-42,4.180593626050199995e-40,3.762172448875066701e-28,3.762172448875066701e-28
7.009570091165618351e+02,3.193106564808159500e-29,3.193106564808159500e-29,3.497071584190047632e-44,1.194467527969352178e-41,3.193106564808159500e-29,3.193106564808159500e-29
7.273165113001454074e+02,2.463195636060427556e-30,2.463195636060427556e-30,6.938339845560586654e-46,2.977422232268360407e-43,2.463195636060427556e-30,2.463195636060427556e-30
7.546672630843886509e+02,1.720818146407540215e-31,1.720818146407540215e-31,1.184623149441000963e-47,6.441801379266042248e-45,1.720818146407540215e-31,1.720818146407540215e-31
7.830465404301182843e+02,1.084682791733105188e-32,1.084682791733105188e-32,1.730715262268307441e-49,1.203268034271552417e-46,1.084682791733105188e-32,1.084682791733105188e-32
8.124930210614047610e+02,6.145008295615381560e-34,6.145008295615381560e-34,2.151031220852838236e-51,1.929771682321483037e-48,6.145008295615381560e-34,6.145008295615381560e-34
8.430468371788966806e+02,3.116385878086593066e-35,3.116385878086593066e-35,2.260490569953279302e-53,2.642092963859723753e-50,3.116385878086593066e-35,3.116385878086593066e-35
8.747496301554415368e+02,1.408901238404570545e-36,1.408901238404570545e-36,1.995967598450775533e-55,3.069766613101468380e-52,1.408901238404570545e-36,1.408901238404570545e-36
9.076446072885356671e+02,5.653715804388123751e-38,5.653715804388123751e-38,1.471146560412718365e-57,3.008133115900682637e-54,5.653715804388123751e-38,5.653715804388123751e-38
9.417766006869518378e+02,2.004769577834444699e-39,2.004769577834444699e-39,8.990006587931319002e-60,2.470254475569903104e-56,2.004769577834444699e-39,2.004769577834444699e-39
9.771921283717977076e+02,6.252472163044682673e-41,6.252472163044682673e-41,4.522772125091785213e-62,1.688702772205728795e-58,6.252472163044682673e-41,6.252472163044682673e-41
1.013939457675289646e+03,1.706866917573493716e-42,1.706866917573493716e-42,1.859576010504193594e-64,9.544144590578484141e-61,1.706866917573493716e-42,1.706866917573493716e-42
1.052068671023620709e+03,4.058196702156903890e-44,4.058196702156903890e-44,6.201434495294946656e-67,4.427778212019717690e-63,4.058196702156903890e-44,4.058196702156903890e-44
1.091631734193612601e+03,8.359787144985608993e-46,8.359787144985608993e-46,1.664255197670239278e-69,1.673692608997990971e-65,8.359787144985608993e-46,8.359787144985608993e-46
1.132682567136151420e+03,1.484035621450281278e-47,1.484035621450281278e-47,3.564914905790777271e-72,5.115183559195166423e-68,1.484035621450281278e-47,1.484035621450281278e-47
1.175277117462942670e+03,2.257618925688334730e-49,2.257618925688334730e-49,6.043637709742070493e-75,1.253924325591512883e-70,2.257618925688334730e-49,2.257618925688334730e-49
1.219473436696735689e+03,2.926125905376137404e-51,2.926125905376137404e-51,8.037995676024634449e-78,2.445143631411831146e-73,2.926125905376137404e-51,2.926125905376137404e-51
1.265331759388940327e+03,3.211851724527845106e-53,3.211851724527845106e-53,8.310624112771621979e-81,3.760306886613340385e-76,3.211851724527845106e-53,3.211851724527845106e-53
1.312914585212462725e+03,2.967042363471204749e-55,2.967042363471204749e-55,6.616730120544864163e-84,4.520125185461999709e-79,2.967042363471204749e-55,2.967042363471204749e-55
1.362286764141643971e+03,2.291824662713370305e-57,2.291824662713370305e-57,4.017074092987379502e-87,4.207871482046466975e-82,2.291824662713370305e-57,2.291824662713370305e-57
1.413515584835392701e+03,1.470300492539602019e-59,1.470300492539602019e-59,1.840793876945699801e-90,3.004585555299030927e-85,1.470300492539602019e-59,1.470300492539602019e-59
1.466670866343965599e+03,7.779750812705712009e-62,7.779750812705712009e-62,6.299921402653137624e-94,1.629240016832305902e-88,7.779750812705712009e-62,7.779750812705712009e-62
1.521825053264383996e+03,3.370651961879953110e-64,3.370651961879953110e-64,1.592695449754941940e-97,6.640019195742016192e-92,3.370651961879953110e-64,3.370651961879953110e-64
1.579053314474172566e+03,1.186823766465384969e-66,1.186823766465384969e-66,2.940706680262760429e-101,2.012212031273793360e-95,1.186823766465384969e-66,1.186823766465384969e-66
1.638433645577981451e+03,3.369731903185420209e-69,3.369731903185420209e-69,3.918860063598119918e-105,4.483934700567501758e-99,3.369731903185420209e-69,3.369731903185420209e-69
1.700046975206714706e+03,7.652909383453448696e-72,7.652909383453448696e-72,3.723330610331309272e-109,7.262814786851324281e-103,7.652909383453448696e-72,7.652909383453448696e-72
1.763977275314041663e+03,1.378583394353131167e-74,1.378583394353131167e-74,2.490242864407698488e-113,8.448916478666467754e-107,1.378583394353131167e-74,1.378583394353131167e-74
1.830311675620609321e+03,1.952678613959073426e-77,1.952678613959073426e-77,1.157062289950278563e-117,6.971748544671318332e-111,1.952678613959073426e-77,1.952678613959073426e-77
1.899140582361931592e+03,2.155229181794069324e-80,2.155229181794069324e-80,3.684069189916157960e-122,4.028265366810680835e-115,2.155229181794069324e-80,2.155229181794069324e-80
1.970557801501796348e+03,1.836314943791992043e-83,1.836314943791992043e-83,7.924688154158600464e-127,1.608089344673487855e-119,1.836314943791992043e-83,1.836314943791992043e-83
2.044660666579113467e+03,1.196092472273658103e-86,1.196092472273658103e-86,1.134789186799383472e-131,4.374004705578826680e-124,1.196092472273658103e-86,1.196092472273658103e-86
2.121550171362448054e+03,5.896035924396849396e-90,5.896035924396849396e-90,1.065322719986670523e-136,7.990232655794240876e-129,5.896035924396849396e-90,5.896035924396849396e-90
2.201331107493027957e+03,2.176618003315844781e-93,2.176618003315844781e-93,6.453341718816367251e-142,9.657155434262440245e-134,2.176618003315844781e-93,2.176618003315844781e-93
2.284112207303820924e+03,5.952629604055763277e-97,5.952629604055763277e-97,2.481251477385878017e-147,7.603309275669626333e-139,5.952629604055763277e-97,5.952629604055763277e-97
2.370006292009325534e+03,1.192450298330246553e-100,1.192450298330246553e-100,5.952722894298071046e-153,3.837249764673842472e-144,1.192450298330246553e-100,1.192450298330246553e-100
2.459130425468041267e+03,1.729388147885580156e-104,1.729388147885580156e-104,8.754195763128022391e-159,1.220783280671578136e-149,1.729388147885580156e-104,1.729388147885580156e-104
2.551606073727181411e+03,1.793866962573880577e-108,1.793866962573880577e-108,7.747825206642255583e-165,2.406147049732644628e-155,1.793866962573880577e-108,1.793866962573880577e-108
2.647559270567063777e+03,1.314195479509011656e-112,1.314195479509011656e-112,4.048676224887924143e-171,2.885701794676163036e-161,1.314195479509011656e-112,1.314195479509011656e-112
2.747120789270808928e+03,6.711541484854799182e-117,6.711541484854799182e-117,1.224646608924980499e-177,2.066869136663277312e-167,6.711541484854799182e-117,6.711541484854799182e-117
2.850426320853431662e+03,2.357133475007817436e-121,2.357133475007817436e-121,2.100604340407280602e-184,8.671379754866619265e-174,2.357133475007817436e-121,2.357133475007817436e-121
2.957616658993250439e+03,5.613465619430171515e-126,5.613465619430171515e-126,2.000087230705007649e-191,2.088536147265103848e-180,5.613465619430171515e-126,5.613465619430171515e-126
3.068837891917639354e+03,8.933433777628320658e-131,8.933433777628320658e-131,1.033979418782192622e-198,2.828204015346564048e-187,8.933433777628320658e-131,8.933433777628320658e-131
3.184241601504649680e+03,9.357570853067651928e-136,9.357570853067651928e-136,2.836342742692237830e-206,2.107123389127663635e-194,9.357570853067651928e-136,9.357570853067651928e-136
3.303985069871854648e+03,6.350888628154640212e-141,6.350888628154640212e-141,4.031251326919808459e-214,8.445426528216023571e-202,6.350888628154640212e-141,6.350888628154640212e-141
3.428231493733967000e+03,2.747546157733881412e-146,2.747546157733881412e-146,2.896120902440204667e-222,1.779018783565550336e-209,2.747546157733881412e-146,2.747546157733881412e-146
3.557150206821382199e+03,7.449730371739336013e-152,7.449730371739336013e-152,1.025053701422618987e-230,1.922476276370873336e-217,7.449730371739336013e-152,7.449730371739336013e-152
3.690916910662774626e+03,1.243914552924261765e-157,1.243914552924261765e-157,1.740476320761703220e-239,1.039350594580910610e-225,1.243914552924261765e-157,1.243914552924261765e-157
3.829713914046277296e+03,1.255964631424022459e-163,1.255964631424022459e-163,1.379065431939920555e-248,2.738879705042662045e-234,1.255964631424022459e-163,1.255964631424022459e-163
3.973730381485604084e+03,7.524641728901013849e-170,7.524641728901013849e-170,4.955065939959686782e-258,3.424187194058883441e-243,7.524641728901013849e-170,7.524641728901013849e-170
4.123162591029748000e+03,2.622959304818646730e-176,2.622959304818646730e-176,7.836935821058658736e-268,1.974868556229870119e-252,2.622959304818646730e-176,2.622959304818646730e-176
4.278214201767613304e+03,5.212544618188036601e-183,5.212544618188036601e-183,5.290225850852625218e-278,5.103635100331528331e-262,5.212544618188036601e-183,5.212544618188036601e-183
4.439096531392166071e+03,5.782066930417833995e-190,5.782066930417833995e-190,1.476141669164278562e-288,5.734178046118686001e-272,5.782066930417833995e-190,5.782066930417833995e-190
4.606028844202398432e+03,3.502426355906989531e-197,3.502426355906989531e-197,1.646947281454529825e-299,2.714621337169733485e-282,3.502426355906989531e-197,3.502426355906989531e-197
4.779238649935595276e+03,1.132470392153142875e-204,1.132470392153142875e-204,0.000000000000000000e+00,5.241778859857820820e-293,1.132470392153142875e-204,1.132470392153142875e-204
4.958962013837211998e+03,1.908993561010254245e-212,1.908993561010254245e-212,0.000000000000000000e+00,3.991475862316018211e-304,1.908993561010254245e-212,1.908993561010254245e-212
5.145443878390924510e+03,1.637058189359067569e-220,1.637058189359067569e-220,0.000000000000000000e+00,0.000000000000000000e+00,1.637058189359067569e-220,1.637058189359067569e-220
5.338938397147349860e+03,6.962545840493984501e-229,6.962545840493984501e-229,0.000000000000000000e+00,0.000000000000000000e+00,6.962545840493984501e-229,6.962545840493984501e-229
5.539709281106400340e+03,1.430419733216822960e-237,1.430419733216822960e-237,0.000000000000000000e+00,0.000000000000000000e+00,1.430419733216822960e-237,1.430419733216822960e-237
5.748030158125350681e+03,1.381232808304439783e-246,1.381232808304439783e-246,0.000000000000000000e+00,0.000000000000000000e+00,1.381232808304439783e-246,1.381232808304439783e-246
5.964184945842459456e+03,6.093234039284167609e-256,6.093234039284167609e-256,0.000000000000000000e+00,0.000000000000000000e+00,6.093234039284167609e-256,6.093234039284167609e-256
6.188468238624383048e+03,1.192373578352362936e-265,1.192373578352362936e-265,0.000000000000000000e+00,0.000000000000000000e+00,1.192373578352362936e-265,1.192373578352362936e-265
6.421185709064745424e+03,1.003887731545926314e-275,1.003887731545926314e-275,0.000000000000000000e+00,0.000000000000000000e+00,1.003887731545926314e-275,1.003887731545926314e-275
6.662654524581135774e+03,3.522831426818122729e-286,3.522831426818122729e-286,0.000000000000000000e+00,0.000000000000000000e+00,3.522831426818122729e-286,3.522831426818122729e-286
6.913203779678113278e+03,4.985860198335384169e-297,4.985860198335384169e-297,0.000000000000000000e+00,0.000000000000000000e+00,4.985860198335384169e-297,4.985860198335384169e-297
7.173174944465597946e+03,0.000000000000000000e+00,0.000000000000000000e+00,0.000000000000000000e+00,0.000000000000000000e+00,0.000000000000000000e+00,0.000000000000000000e+00
7.442922330043742477e+03,0.000000000000000000e+00,0.000000000000000000e+00,0.000000000000000000e+00,0.000000000000000000e+00,0.000000000000000000e+00,0.000000000000000000e+00
7.722813571388626769e+03,0.000000000000000000e+00,0.000000000000000000e+00,0.000000000000000000e+00,0.000000000000000000e+00,0.000000000000000000e+00,0.000000000000000000e+00
8.013230128396869986e+03,0.000000000000000000e+00,0.000000000000000000e+00,0.000000000000000000e+00,0.000000000000000000e+00,0.000000000000000000e+00,0.000000000000000000e+00
8.314567805772046995e+03,0.000000000000000000e+00,0.000000000000000000e+00,0.000000000000000000e+00,0.000000000000000000e+00,0.000000000000000000e+00,0.000000000000000000e+00
8.627237292461433753e+03,0.000000000000000000e+00,0.000000000000000000e+00,0.000000000000000000e+00,0.000000000000000000e+00,0.000000000000000000e+00,0.000000000000000000e+00
8.951664721378283502e+03,0.000000000000000000e+00,0.000000000000000000e+00,0.000000000000000000e+00,0.000000000000000000e+00,0.000000000000000000e+00,0.000000000000000000e+00
9.288292250172480635e+03,0.000000000000000000e+00,0.000000000000000000e+00,0.000000000000000000e+00,0.000000000000000000e+00,0.000000000000000000e+00,0.000000000000000000e+00
9.637578663841070011e+03,0.000000000000000000e+00,0.000000000000000000e+00,0.000000000000000000e+00,0.000000000000000000e+00,0.000000000000000000e+00,0.000000000000000000e+00
1.000000000000000000e+04,0.000000000000000000e+00,0.000000000000000000e+00,0.000000000000000000e+00,0.000000000000000000e+00,0.000000000000000000e+00,0.000000000000000000e+00
